"minute","timestamp_ms","service_id","call_rate","observed_replicas","containers"
0,17460000,"99f2e7b501f50db9b4089242a5d3e1aba334c32e0c718b8d79281529a9489b15",96.9466161616162,3,6
1,17520000,"99f2e7b501f50db9b4089242a5d3e1aba334c32e0c718b8d79281529a9489b15",103.357142857143,5,5
2,17580000,"99f2e7b501f50db9b4089242a5d3e1aba334c32e0c718b8d79281529a9489b15",98.5833333333333,3,5
3,17640000,"99f2e7b501f50db9b4089242a5d3e1aba334c32e0c718b8d79281529a9489b15",106.675438596491,4,4
4,17700000,"99f2e7b501f50db9b4089242a5d3e1aba334c32e0c718b8d79281529a9489b15",108.291949872557,2.5,4
5,17760000,"99f2e7b501f50db9b4089242a5d3e1aba334c32e0c718b8d79281529a9489b15",104.699029126214,5,5
6,17820000,"99f2e7b501f50db9b4089242a5d3e1aba334c32e0c718b8d79281529a9489b15",108.778947368421,6,3
7,17880000,"99f2e7b501f50db9b4089242a5d3e1aba334c32e0c718b8d79281529a9489b15",103.588235294118,6,5
8,17940000,"99f2e7b501f50db9b4089242a5d3e1aba334c32e0c718b8d79281529a9489b15",104.547188106012,5,6
9,1.8e+07,"99f2e7b501f50db9b4089242a5d3e1aba334c32e0c718b8d79281529a9489b15",100.059086134454,5,2
10,18060000,"99f2e7b501f50db9b4089242a5d3e1aba334c32e0c718b8d79281529a9489b15",105.886632653061,6.5,6
11,18120000,"99f2e7b501f50db9b4089242a5d3e1aba334c32e0c718b8d79281529a9489b15",103.278171509568,4.5,2
12,18180000,"99f2e7b501f50db9b4089242a5d3e1aba334c32e0c718b8d79281529a9489b15",108.131147540984,2,3
13,18240000,"99f2e7b501f50db9b4089242a5d3e1aba334c32e0c718b8d79281529a9489b15",103.506302521008,7,2
14,18300000,"99f2e7b501f50db9b4089242a5d3e1aba334c32e0c718b8d79281529a9489b15",100.575503190967,5,6
15,18360000,"99f2e7b501f50db9b4089242a5d3e1aba334c32e0c718b8d79281529a9489b15",101.403224276908,5.5,4
16,18420000,"99f2e7b501f50db9b4089242a5d3e1aba334c32e0c718b8d79281529a9489b15",104.937113402062,5,6
17,18480000,"99f2e7b501f50db9b4089242a5d3e1aba334c32e0c718b8d79281529a9489b15",99.4215147597501,5.5,6
18,18540000,"99f2e7b501f50db9b4089242a5d3e1aba334c32e0c718b8d79281529a9489b15",103.7715855573,4,4
19,18600000,"99f2e7b501f50db9b4089242a5d3e1aba334c32e0c718b8d79281529a9489b15",106.276785714286,5,3
20,18660000,"99f2e7b501f50db9b4089242a5d3e1aba334c32e0c718b8d79281529a9489b15",104.722222222222,6,3
21,18720000,"99f2e7b501f50db9b4089242a5d3e1aba334c32e0c718b8d79281529a9489b15",107.721322849214,4.5,6
22,18780000,"99f2e7b501f50db9b4089242a5d3e1aba334c32e0c718b8d79281529a9489b15",100.656862745098,6,3
23,18840000,"99f2e7b501f50db9b4089242a5d3e1aba334c32e0c718b8d79281529a9489b15",106.901098901099,3,3
24,18900000,"99f2e7b501f50db9b4089242a5d3e1aba334c32e0c718b8d79281529a9489b15",110.4,4,3
25,18960000,"99f2e7b501f50db9b4089242a5d3e1aba334c32e0c718b8d79281529a9489b15",105.358128770973,4.5,8
26,19020000,"99f2e7b501f50db9b4089242a5d3e1aba334c32e0c718b8d79281529a9489b15",97,2,3
27,19080000,"99f2e7b501f50db9b4089242a5d3e1aba334c32e0c718b8d79281529a9489b15",103.161555312158,5,6
28,19140000,"99f2e7b501f50db9b4089242a5d3e1aba334c32e0c718b8d79281529a9489b15",104.475247524752,7,9
29,19200000,"99f2e7b501f50db9b4089242a5d3e1aba334c32e0c718b8d79281529a9489b15",100.194677871148,4,6
30,19260000,"99f2e7b501f50db9b4089242a5d3e1aba334c32e0c718b8d79281529a9489b15",103.328470380195,3.5,4
31,19320000,"99f2e7b501f50db9b4089242a5d3e1aba334c32e0c718b8d79281529a9489b15",102.388888888889,4,5
32,19380000,"99f2e7b501f50db9b4089242a5d3e1aba334c32e0c718b8d79281529a9489b15",108.076923076923,5,7
33,19440000,"99f2e7b501f50db9b4089242a5d3e1aba334c32e0c718b8d79281529a9489b15",106.304846938775,5.5,8
34,19500000,"99f2e7b501f50db9b4089242a5d3e1aba334c32e0c718b8d79281529a9489b15",100.549450549451,5,3
35,19560000,"99f2e7b501f50db9b4089242a5d3e1aba334c32e0c718b8d79281529a9489b15",105.203063241107,4,2
36,19620000,"99f2e7b501f50db9b4089242a5d3e1aba334c32e0c718b8d79281529a9489b15",99.3929475015813,4,4
37,19680000,"99f2e7b501f50db9b4089242a5d3e1aba334c32e0c718b8d79281529a9489b15",105.112531565657,6.5,8
38,19740000,"99f2e7b501f50db9b4089242a5d3e1aba334c32e0c718b8d79281529a9489b15",108.101825690067,2.5,2
39,19800000,"99f2e7b501f50db9b4089242a5d3e1aba334c32e0c718b8d79281529a9489b15",103.127450980392,4,5
40,19860000,"99f2e7b501f50db9b4089242a5d3e1aba334c32e0c718b8d79281529a9489b15",107.295454545455,6,7
41,19920000,"99f2e7b501f50db9b4089242a5d3e1aba334c32e0c718b8d79281529a9489b15",102.41095890411,2,7
42,19980000,"99f2e7b501f50db9b4089242a5d3e1aba334c32e0c718b8d79281529a9489b15",112.651685393258,4,7
43,20040000,"99f2e7b501f50db9b4089242a5d3e1aba334c32e0c718b8d79281529a9489b15",99.9832931726908,2,6
44,20100000,"99f2e7b501f50db9b4089242a5d3e1aba334c32e0c718b8d79281529a9489b15",109.696679042904,6.5,2
45,20160000,"99f2e7b501f50db9b4089242a5d3e1aba334c32e0c718b8d79281529a9489b15",100.204622839183,4,6
46,20220000,"99f2e7b501f50db9b4089242a5d3e1aba334c32e0c718b8d79281529a9489b15",114.392156862745,7,5
47,20280000,"99f2e7b501f50db9b4089242a5d3e1aba334c32e0c718b8d79281529a9489b15",103.721649484536,6,11
48,20340000,"99f2e7b501f50db9b4089242a5d3e1aba334c32e0c718b8d79281529a9489b15",108.703296703297,6,3
49,20400000,"99f2e7b501f50db9b4089242a5d3e1aba334c32e0c718b8d79281529a9489b15",107.413793103448,4,9
50,20460000,"99f2e7b501f50db9b4089242a5d3e1aba334c32e0c718b8d79281529a9489b15",98.4591836734694,3,7
51,20520000,"99f2e7b501f50db9b4089242a5d3e1aba334c32e0c718b8d79281529a9489b15",105.371428571429,2,5
52,20580000,"99f2e7b501f50db9b4089242a5d3e1aba334c32e0c718b8d79281529a9489b15",106.044444444444,4,7
53,20640000,"99f2e7b501f50db9b4089242a5d3e1aba334c32e0c718b8d79281529a9489b15",106.015055079559,3.5,8
54,20700000,"99f2e7b501f50db9b4089242a5d3e1aba334c32e0c718b8d79281529a9489b15",108.830985915493,4,11
55,20760000,"99f2e7b501f50db9b4089242a5d3e1aba334c32e0c718b8d79281529a9489b15",112.888429217841,4,2
56,20820000,"99f2e7b501f50db9b4089242a5d3e1aba334c32e0c718b8d79281529a9489b15",106.66265060241,4,5
57,20880000,"99f2e7b501f50db9b4089242a5d3e1aba334c32e0c718b8d79281529a9489b15",136.894736842105,11,1
58,20940000,"99f2e7b501f50db9b4089242a5d3e1aba334c32e0c718b8d79281529a9489b15",111.581622678397,6,6
59,2.1e+07,"99f2e7b501f50db9b4089242a5d3e1aba334c32e0c718b8d79281529a9489b15",108.935897435897,4,3
60,21060000,"99f2e7b501f50db9b4089242a5d3e1aba334c32e0c718b8d79281529a9489b15",102.334486501153,2,6
61,21120000,"99f2e7b501f50db9b4089242a5d3e1aba334c32e0c718b8d79281529a9489b15",109.926060118089,4,4
62,21180000,"99f2e7b501f50db9b4089242a5d3e1aba334c32e0c718b8d79281529a9489b15",107.582089552239,5,9
63,21240000,"99f2e7b501f50db9b4089242a5d3e1aba334c32e0c718b8d79281529a9489b15",107.159090909091,4,9
64,21300000,"99f2e7b501f50db9b4089242a5d3e1aba334c32e0c718b8d79281529a9489b15",96.7905620360551,3,2
65,21360000,"99f2e7b501f50db9b4089242a5d3e1aba334c32e0c718b8d79281529a9489b15",106.779261436238,6.5,6
66,21420000,"99f2e7b501f50db9b4089242a5d3e1aba334c32e0c718b8d79281529a9489b15",105.808752860412,6,6
67,21480000,"99f2e7b501f50db9b4089242a5d3e1aba334c32e0c718b8d79281529a9489b15",108.431818181818,5,5
68,21540000,"99f2e7b501f50db9b4089242a5d3e1aba334c32e0c718b8d79281529a9489b15",105.96511627907,6,11
69,21600000,"99f2e7b501f50db9b4089242a5d3e1aba334c32e0c718b8d79281529a9489b15",109.892440385591,8,6
70,21660000,"99f2e7b501f50db9b4089242a5d3e1aba334c32e0c718b8d79281529a9489b15",108.747705627706,4.5,8
71,21720000,"99f2e7b501f50db9b4089242a5d3e1aba334c32e0c718b8d79281529a9489b15",110.025641025641,6,7
72,21780000,"99f2e7b501f50db9b4089242a5d3e1aba334c32e0c718b8d79281529a9489b15",107.666666666667,8,3
73,21840000,"99f2e7b501f50db9b4089242a5d3e1aba334c32e0c718b8d79281529a9489b15",107.191583860283,8,8
74,21900000,"99f2e7b501f50db9b4089242a5d3e1aba334c32e0c718b8d79281529a9489b15",106.238504916136,5,4
75,21960000,"99f2e7b501f50db9b4089242a5d3e1aba334c32e0c718b8d79281529a9489b15",112.808988764045,3,7
76,22020000,"99f2e7b501f50db9b4089242a5d3e1aba334c32e0c718b8d79281529a9489b15",105.53,3,5
77,22080000,"99f2e7b501f50db9b4089242a5d3e1aba334c32e0c718b8d79281529a9489b15",105.202247191011,6,9
78,22140000,"99f2e7b501f50db9b4089242a5d3e1aba334c32e0c718b8d79281529a9489b15",105.522727272727,3,5
79,22200000,"99f2e7b501f50db9b4089242a5d3e1aba334c32e0c718b8d79281529a9489b15",109.684591584158,4,6
80,22260000,"99f2e7b501f50db9b4089242a5d3e1aba334c32e0c718b8d79281529a9489b15",118.9125,6,7
81,22320000,"99f2e7b501f50db9b4089242a5d3e1aba334c32e0c718b8d79281529a9489b15",109.015625,5,7
82,22380000,"99f2e7b501f50db9b4089242a5d3e1aba334c32e0c718b8d79281529a9489b15",111.291847041847,2.5,6
83,22440000,"99f2e7b501f50db9b4089242a5d3e1aba334c32e0c718b8d79281529a9489b15",106.054945054945,4,11
84,22500000,"99f2e7b501f50db9b4089242a5d3e1aba334c32e0c718b8d79281529a9489b15",108.778409090909,6,6
85,22560000,"99f2e7b501f50db9b4089242a5d3e1aba334c32e0c718b8d79281529a9489b15",106.8375,4,11
86,22620000,"99f2e7b501f50db9b4089242a5d3e1aba334c32e0c718b8d79281529a9489b15",113.852816901408,4.5,12
87,22680000,"99f2e7b501f50db9b4089242a5d3e1aba334c32e0c718b8d79281529a9489b15",107.414634146341,5,9
88,22740000,"99f2e7b501f50db9b4089242a5d3e1aba334c32e0c718b8d79281529a9489b15",105.325301204819,4,7
89,22800000,"99f2e7b501f50db9b4089242a5d3e1aba334c32e0c718b8d79281529a9489b15",107.640449438202,3,3
90,22860000,"99f2e7b501f50db9b4089242a5d3e1aba334c32e0c718b8d79281529a9489b15",110.190476190476,4,7
91,22920000,"99f2e7b501f50db9b4089242a5d3e1aba334c32e0c718b8d79281529a9489b15",106.205882352941,4,8
92,22980000,"99f2e7b501f50db9b4089242a5d3e1aba334c32e0c718b8d79281529a9489b15",108.898550724638,4.5,14
93,23040000,"99f2e7b501f50db9b4089242a5d3e1aba334c32e0c718b8d79281529a9489b15",116.36231884058,3,9
94,23100000,"99f2e7b501f50db9b4089242a5d3e1aba334c32e0c718b8d79281529a9489b15",107.822784810127,6,7
95,23160000,"99f2e7b501f50db9b4089242a5d3e1aba334c32e0c718b8d79281529a9489b15",104.250927889714,3.5,8
96,23220000,"99f2e7b501f50db9b4089242a5d3e1aba334c32e0c718b8d79281529a9489b15",105.669610316793,4,4
97,23280000,"99f2e7b501f50db9b4089242a5d3e1aba334c32e0c718b8d79281529a9489b15",105.770879363677,6.5,12
98,23340000,"99f2e7b501f50db9b4089242a5d3e1aba334c32e0c718b8d79281529a9489b15",111.103855232101,4,8
99,23400000,"99f2e7b501f50db9b4089242a5d3e1aba334c32e0c718b8d79281529a9489b15",108.172752353132,3.5,12
100,23460000,"99f2e7b501f50db9b4089242a5d3e1aba334c32e0c718b8d79281529a9489b15",120.330185185185,8,8
101,23520000,"99f2e7b501f50db9b4089242a5d3e1aba334c32e0c718b8d79281529a9489b15",108.237804878049,5,6
102,23580000,"99f2e7b501f50db9b4089242a5d3e1aba334c32e0c718b8d79281529a9489b15",117.013333333333,7,11
103,23640000,"99f2e7b501f50db9b4089242a5d3e1aba334c32e0c718b8d79281529a9489b15",110.602409638554,7,5
104,23700000,"99f2e7b501f50db9b4089242a5d3e1aba334c32e0c718b8d79281529a9489b15",106.047393007836,5.5,4
105,23760000,"99f2e7b501f50db9b4089242a5d3e1aba334c32e0c718b8d79281529a9489b15",108.348717948718,4,4
106,23820000,"99f2e7b501f50db9b4089242a5d3e1aba334c32e0c718b8d79281529a9489b15",114.157467532468,3.5,8
107,23880000,"99f2e7b501f50db9b4089242a5d3e1aba334c32e0c718b8d79281529a9489b15",105.09375,7,7
108,23940000,"99f2e7b501f50db9b4089242a5d3e1aba334c32e0c718b8d79281529a9489b15",115.900921658986,2.5,8
109,2.4e+07,"99f2e7b501f50db9b4089242a5d3e1aba334c32e0c718b8d79281529a9489b15",108.808374844334,5,6
110,24060000,"99f2e7b501f50db9b4089242a5d3e1aba334c32e0c718b8d79281529a9489b15",101.907575757576,2.5,6
111,24120000,"99f2e7b501f50db9b4089242a5d3e1aba334c32e0c718b8d79281529a9489b15",104.331067237847,5,6
112,24180000,"99f2e7b501f50db9b4089242a5d3e1aba334c32e0c718b8d79281529a9489b15",108.07425833794,5.5,4
113,24240000,"99f2e7b501f50db9b4089242a5d3e1aba334c32e0c718b8d79281529a9489b15",116.068965517241,7,6
114,24300000,"99f2e7b501f50db9b4089242a5d3e1aba334c32e0c718b8d79281529a9489b15",113.873015873016,3,5
115,24360000,"99f2e7b501f50db9b4089242a5d3e1aba334c32e0c718b8d79281529a9489b15",114.118782823602,5.5,6
116,24420000,"99f2e7b501f50db9b4089242a5d3e1aba334c32e0c718b8d79281529a9489b15",109.605992085924,3,6
117,24480000,"99f2e7b501f50db9b4089242a5d3e1aba334c32e0c718b8d79281529a9489b15",115.699189189189,3,12
118,24540000,"99f2e7b501f50db9b4089242a5d3e1aba334c32e0c718b8d79281529a9489b15",108.746078431373,5.5,14
119,24600000,"99f2e7b501f50db9b4089242a5d3e1aba334c32e0c718b8d79281529a9489b15",108.126582278481,6,7
120,24660000,"99f2e7b501f50db9b4089242a5d3e1aba334c32e0c718b8d79281529a9489b15",113.94776574653,4,8
121,24720000,"99f2e7b501f50db9b4089242a5d3e1aba334c32e0c718b8d79281529a9489b15",110.907692307692,5,7
122,24780000,"99f2e7b501f50db9b4089242a5d3e1aba334c32e0c718b8d79281529a9489b15",111.566666666667,6,3
123,24840000,"99f2e7b501f50db9b4089242a5d3e1aba334c32e0c718b8d79281529a9489b15",111,4,3
124,24900000,"99f2e7b501f50db9b4089242a5d3e1aba334c32e0c718b8d79281529a9489b15",111.923793597707,6.5,4
125,24960000,"99f2e7b501f50db9b4089242a5d3e1aba334c32e0c718b8d79281529a9489b15",111.874832663989,3.5,4
126,25020000,"99f2e7b501f50db9b4089242a5d3e1aba334c32e0c718b8d79281529a9489b15",126.03488372093,4,7
127,25080000,"99f2e7b501f50db9b4089242a5d3e1aba334c32e0c718b8d79281529a9489b15",127.90710241894,4,2
128,25140000,"99f2e7b501f50db9b4089242a5d3e1aba334c32e0c718b8d79281529a9489b15",115.56402027027,6.5,10
